Workbook

Sheet How to use
A1: WS2 mock run · observer workbook
A2: Pain to Pilot kit · draft v0.1 · one workbook per mock run, shared by all observers
A4: Yellow cells | B4: Fill these in. Every other cell is a label or a formula.
A5: Room A, Room B | B5: One scorecard per room: 12 items scored 1–5 with the minute and the evidence, plus the six pass criteria (Yes / No).
A6: Score anchors | B6: 1 = did not happen or needed rescue · 3 = happened late or partly · 5 = happened on time without prompting.
A7: Timing log | B7: Enter the minute each stage actually ended. Overruns of more than 3 minutes turn red.
A8: Injections | B8: The producer marks each injected failure as fired; the observer records whether the room recovered without help.
A9: Defect log | B9: One row per defect. Severity S1 blocks the outcome, S2 degrades quality or timing, S3 is cosmetic or wording.
A10: Summary | B10: Calculated. Shows the score bar, pass criteria and whether a retest is needed.
A11: Score bar | B11: Proposed, not yet agreed by WS2: average of at least 3.5 per room and no item scored 1.
A12: Retest trigger | B12: Any S1 defect or any pass criterion not met: retest the changed part at the facilitator dry run.
A15: Example rows (format only)
A16: Scorecard | B16: Item 3 · Score 3 · Minute 18 · “Baseline written as ‘2–4 h/week, room estimate’ only after the facilitator asked twice.”
A17: Defect log | B17: D01 · Room A · Frame the pain · Room debated whether status reports are a real pain until minute 11 · S2 · Card does not say the pain is given · Add “the pain is given; choose the slice” to the Orient script · WS2 · Retest at facilitator dry run · Open

Sheet Summary
A1: Mock run summary
A2: Calculated from the other sheets. Nothing to fill in here.
A4: Measure | B4: Room A | C4: Room B
A5: Items scored (of 12) | B5: ='Room A'!C21 | C5: ='Room B'!C21
A6: Average score | B6: ='Room A'!C22 | C6: ='Room B'!C22
A7: Items scored 1 | B7: ='Room A'!C23 | C7: ='Room B'!C23
A8: Meets score bar | B8: ='Room A'!C24 | C8: ='Room B'!C24
A9: Pass criteria | B9: ='Room A'!C34 | C9: ='Room B'!C34
A10: Stages overrunning by more than 3 minutes | B10: =COUNTIF('Timing log'!F5:F10,">3") | C10: =COUNTIF('Timing log'!H5:H10,">3")
A11: Injections recovered without help | B11: =COUNTIFS(Injections!A5:A14,"A",Injections!F5:F14,"Yes")&" of 5" | C11: =COUNTIFS(Injections!A5:A14,"B",Injections!F5:F14,"Yes")&" of 5"
A13: Defects | B13: Total | C13: Not yet fixed
A14: S1 | B14: =COUNTIF('Defect log'!E5:E44,"S1") | C14: =COUNTIFS('Defect log'!E5:E44,"S1",'Defect log'!J5:J44,"<>Fixed",'Defect log'!J5:J44,"<>Retested")
A15: S2 | B15: =COUNTIF('Defect log'!E5:E44,"S2") | C15: =COUNTIFS('Defect log'!E5:E44,"S2",'Defect log'!J5:J44,"<>Fixed",'Defect log'!J5:J44,"<>Retested")
A16: S3 | B16: =COUNTIF('Defect log'!E5:E44,"S3") | C16: =COUNTIFS('Defect log'!E5:E44,"S3",'Defect log'!J5:J44,"<>Fixed",'Defect log'!J5:J44,"<>Retested")
A18: Retest needed? | B18: =IF(OR(B14>0,B9<>"Pass",C9<>"Pass"),"Yes: retest at the facilitator dry run","No")
A19: Retest trigger: any S1 defect or any pass criterion not met in either room.

Sheet Room A
A1: Room A · observer scorecard
A2: Card C1 Status Report Treadmill, given · experienced facilitator · 7–8 participants · approved tool available
A3: Facilitator
A4: Observer
A5: Date
A7: # | B7: Item | C7: Score 1–5 | D7: Minute | E7: Evidence
A8: 1 | B8: Instructions understood without clarification
A9: 2 | B9: Card chosen (Room B) by minute 7; slice chosen (both rooms) by minute 15
A10: 3 | B10: Problem, user and baseline specific by minute 15
A11: 4 | B11: Human decision point explicit
A12: 5 | B12: AI flow understandable to a non-expert
A13: 6 | B13: Value metric observable
A14: 7 | B14: Data and governance risk considered
A15: 8 | B15: Owner and first test present
A16: 9 | B16: All voices included
A17: 10 | B17: Report-out completed within the limit
A18: 11 | B18: Trap test run and the result recorded (kit-specific)
A19: 12 | B19: Room recovered from each injected failure without observer help (kit-specific)
B21: Items scored | C21: =COUNT(C8:C19)
B22: Average score | C22: =IF(COUNT(C8:C19)=0,"",AVERAGE(C8:C19))
B23: Items scored 1 | C23: =COUNTIF(C8:C19,1)
B24: Meets score bar (avg ≥ 3.5, no 1s) | C24: =IF(C21<12,"Incomplete",IF(AND(C22>=3.5,C23=0),"Yes","No"))
A26: # | B26: Pass criterion | C26: Yes / No | E26: Evidence
A27: 1 | B27: 100% of the ten mandatory Pilot Pack fields completed
A28: 2 | B28: Owner, first test, metric and guardrail explicit
A29: 3 | B29: Facilitator did not need content expertise to finish
A30: 4 | B30: Someone outside the room can read the pack in 3 minutes and restate it
A31: 5 | B31: No unresolved confidentiality or tool-approval issue hidden
A32: 6 | B32: Final recommendation produced inside the 60-minute slot
B34: Pass criteria result | C34: =IF(COUNTA(C27:C32)<6,"Incomplete",IF(COUNTIF(C27:C32,"Yes")=6,"Pass","Fail"))

Sheet Room B
A1: Room B · observer scorecard
A2: Choice of C2 or the broad draft swap card · first-time facilitator · 4–5 participants · tool fails at minute 27
A3: Facilitator
A4: Observer
A5: Date
A7: # | B7: Item | C7: Score 1–5 | D7: Minute | E7: Evidence
A8: 1 | B8: Instructions understood without clarification
A9: 2 | B9: Card chosen (Room B) by minute 7; slice chosen (both rooms) by minute 15
A10: 3 | B10: Problem, user and baseline specific by minute 15
A11: 4 | B11: Human decision point explicit
A12: 5 | B12: AI flow understandable to a non-expert
A13: 6 | B13: Value metric observable
A14: 7 | B14: Data and governance risk considered
A15: 8 | B15: Owner and first test present
A16: 9 | B16: All voices included
A17: 10 | B17: Report-out completed within the limit
A18: 11 | B18: Trap test run and the result recorded (kit-specific)
A19: 12 | B19: Room recovered from each injected failure without observer help (kit-specific)
B21: Items scored | C21: =COUNT(C8:C19)
B22: Average score | C22: =IF(COUNT(C8:C19)=0,"",AVERAGE(C8:C19))
B23: Items scored 1 | C23: =COUNTIF(C8:C19,1)
B24: Meets score bar (avg ≥ 3.5, no 1s) | C24: =IF(C21<12,"Incomplete",IF(AND(C22>=3.5,C23=0),"Yes","No"))
A26: # | B26: Pass criterion | C26: Yes / No | E26: Evidence
A27: 1 | B27: 100% of the ten mandatory Pilot Pack fields completed
A28: 2 | B28: Owner, first test, metric and guardrail explicit
A29: 3 | B29: Facilitator did not need content expertise to finish
A30: 4 | B30: Someone outside the room can read the pack in 3 minutes and restate it
A31: 5 | B31: No unresolved confidentiality or tool-approval issue hidden
A32: 6 | B32: Final recommendation produced inside the 60-minute slot
B34: Pass criteria result | C34: =IF(COUNTA(C27:C32)<6,"Incomplete",IF(COUNTIF(C27:C32,"Yes")=6,"Pass","Fail"))

Sheet Timing log
A1: Timing log
A2: Minutes into the breakout. Enter the minute each stage actually ended.
A4: Stage | B4: Planned start | C4: Planned end | D4: Planned minutes | E4: Room A actual end | F4: Room A overrun | G4: Room B actual end | H4: Room B overrun
A5: Orient | B5: 0 | C5: 5 | D5: =C5-B5 | F5: =IF(E5="","",E5-C5) | H5: =IF(G5="","",G5-C5)
A6: Frame the pain | B6: 5 | C6: 15 | D6: =C6-B6 | F6: =IF(E6="","",E6-C6) | H6: =IF(G6="","",G6-C6)
A7: Design the agent | B7: 15 | C7: 27 | D7: =C7-B7 | F7: =IF(E7="","",E7-C7) | H7: =IF(G7="","",G7-C7)
A8: Build and challenge | B8: 27 | C8: 42 | D8: =C8-B8 | F8: =IF(E8="","",E8-C8) | H8: =IF(G8="","",G8-C8)
A9: Fix and decide | B9: 42 | C9: 50 | D9: =C9-B9 | F9: =IF(E9="","",E9-C9) | H9: =IF(G9="","",G9-C9)
A10: Package and commit | B10: 50 | C10: 60 | D10: =C10-B10 | F10: =IF(E10="","",E10-C10) | H10: =IF(G10="","",G10-C10)
A12: Room B: minute the card was chosen
A13: Planned stage times come from the kit’s proposed 60-minute flow (blue = fixed inputs).

Sheet Injections
A1: Injected failures
A2: The producer fires each one; the observer records the recovery.
A4: Room | B4: Minute | C4: Injection | D4: Scenario | E4: Fired? | F4: Recovered without help? | G4: Minutes to recover | H4: Notes
A5: A | B5: 0–60 | C5: The Expert dominates from the start | D5: 2
A6: A | B6: 10 | C6: Nobody can quantify the baseline | D6: 3
A7: A | B7: 20 | C7: A public or unapproved tool is proposed | D7: 4
A8: A | B8: 30 | C8: “Let’s paste my real project status” | D8: 5
A9: A | B9: 52 | C9: Nobody will own the pilot | D9: 8
A10: B | B10: 0 | C10: Two cards to choose from, one too broad | D10: 1, 6
A11: B | B11: 27 | C11: Builder told the tool is unavailable | D11: tool
A12: B | B12: 35 | C12: Scribe closes the template or loses the link | D12: 7
A13: B | B13: 40 | C13: Facilitator called away for 5 minutes | D13: 10
A14: B | B14: 65 | C14: Report-out cut to 45 seconds | D14: 9
A16: Scenario numbers refer to the ten mock-run scenarios in the knowledge base.

Sheet Defect log
A1: Defect log
A2: One row per defect. See “How to use” for an example row.
A4: ID | B4: Room | C4: Stage | D4: Observation | E4: Severity | F4: Root cause | G4: Change needed | H4: Owner | I4: Retest | J4: Status
A5: D01
A6: D02
A7: D03
A8: D04
A9: D05
A10: D06
A11: D07
A12: D08
A13: D09
A14: D10
A15: D11
A16: D12
... A44: D40
